{"failures": {"-1001330784088:8235713325": {"count": 1, "first_ts": 1770940725.168185}, "-1001330784088:7741865484": {"count": 1, "first_ts": 1770900144.733983}, "-1001330784088:8207381597": {"count": 1, "first_ts": 1770906993.5355175}, "-1001330784088:7635589844": {"count": 2, "first_ts": 1770906872.1365166}, "-1001330784088:8431882672": {"count": 2, "first_ts": 1770908461.0907662}, "-1001330784088:6585192859": {"count": 1, "first_ts": 1770909942.101966}, "-1001330784088:6688779277": {"count": 1, "first_ts": 1770910550.0013607}, "-1001330784088:8094127886": {"count": 1, "first_ts": 1770910254.5612803}, "-1001330784088:8266919145": {"count": 2, "first_ts": 1770922485.2736745}, "-1001330784088:8450477894": {"count": 1, "first_ts": 1770939928.0466018}, "-1001330784088:8336444284": {"count": 1, "first_ts": 1770867443.1403701}, "-1001330784088:7762152276": {"count": 1, "first_ts": 1770874336.1583884}, "-1001330784088:7679009682": {"count": 1, "first_ts": 1770878103.8120584}, "-1001330784088:7474211723": {"count": 1, "first_ts": 1770878268.744438}, "-1001330784088:8515947187": {"count": 2, "first_ts": 1770878398.1175692}, "-1001330784088:8020806555": {"count": 2, "first_ts": 1770878538.4294922}, "-1001330784088:8127635803": {"count": 1, "first_ts": 1770878638.969401}, "-1001330784088:7747680844": {"count": 1, "first_ts": 1770878638.9706807}, "-1001330784088:7716866187": {"count": 1, "first_ts": 1770882834.8176048}, "-1001330784088:8156910079": {"count": 1, "first_ts": 1770887665.0911076}, "-1001330784088:7254598449": {"count": 1, "first_ts": 1770887946.6032882}, "-1001330784088:8038668223": {"count": 3, "first_ts": 1770889971.354685}, "-1001330784088:7704320216": {"count": 3, "first_ts": 1770894828.6202598}, "-1001330784088:8337336799": {"count": 2, "first_ts": 1770895273.892848}, "-1001330784088:6827431914": {"count": 1, "first_ts": 1770896415.032929}, "-1001330784088:7624657789": {"count": 1, "first_ts": 1770896476.9209466}, "-1001330784088:5338745597": {"count": 1, "first_ts": 1770898851.5786955}, "-1001330784088:8221163734": {"count": 1, "first_ts": 1770899792.334358}, "-1001330784088:7833793204": {"count": 1, "first_ts": 1770899910.3725626}, "-1001330784088:7685772047": {"count": 1, "first_ts": 1770900144.7350178}, "-1001330784088:7817285825": {"count": 1, "first_ts": 1770900299.0102859}, "-1001330784088:7984939449": {"count": 1, "first_ts": 1770900876.1738157}, "-1001330784088:8464021647": {"count": 4, "first_ts": 1770900974.9268575}, "-1001330784088:7503676870": {"count": 3, "first_ts": 1770901130.7437503}, "-1001330784088:8224758786": {"count": 1, "first_ts": 1770901540.8691456}, "-1001330784088:8078329047": {"count": 4, "first_ts": 1770901898.4584074}, "-1001330784088:8384711927": {"count": 2, "first_ts": 1770901973.5687227}, "-1001330784088:8197384556": {"count": 2, "first_ts": 1770902329.892028}, "-1001330784088:7541843112": {"count": 1, "first_ts": 1770902329.8932827}, "-1001330784088:7159868562": {"count": 1, "first_ts": 1770902329.8943045}, "-1001330784088:8044441345": {"count": 2, "first_ts": 1770902329.8958325}, "-1001330784088:7617987502": {"count": 2, "first_ts": 1770902425.933089}, "-1001330784088:8238848254": {"count": 3, "first_ts": 1770902576.5461352}, "-1001330784088:7097025591": {"count": 2, "first_ts": 1770902596.0568218}, "-1001330784088:7531498892": {"count": 2, "first_ts": 1770902671.1282332}, "-1001330784088:8091608986": {"count": 1, "first_ts": 1770903087.0516872}, "-1001330784088:7747194246": {"count": 2, "first_ts": 1770903256.4001637}, "-1001330784088:8107016415": {"count": 1, "first_ts": 1770903627.4799595}, "-1001330784088:7296087928": {"count": 3, "first_ts": 1770903897.4901989}, "-1001330784088:7730104486": {"count": 1, "first_ts": 1770904501.3289688}, "-1001330784088:8061471674": {"count": 2, "first_ts": 1770904951.340892}, "-1001330784088:6571361257": {"count": 1, "first_ts": 1770905127.302197}, "-1001330784088:8471080701": {"count": 4, "first_ts": 1770905418.830851}, "-1001330784088:7227838895": {"count": 1, "first_ts": 1770905769.874092}, "-1001330784088:8073324939": {"count": 1, "first_ts": 1770906089.5431242}, "-1001330784088:7388073687": {"count": 1, "first_ts": 1770906352.340817}, "-1001330784088:6586515743": {"count": 2, "first_ts": 1770906453.657197}, "-1001330784088:8377203320": {"count": 1, "first_ts": 1770906490.1687357}, "-1001330784088:6021717144": {"count": 2, "first_ts": 1770907045.7602918}, "-1001330784088:7763864554": {"count": 1, "first_ts": 1770907143.602449}, "-1001330784088:7649422008": {"count": 1, "first_ts": 1770907376.376471}, "-1001330784088:7868646230": {"count": 1, "first_ts": 1770907450.2501662}, "-1001330784088:8071841608": {"count": 4, "first_ts": 1770907792.7474532}, "-1001330784088:7305959072": {"count": 1, "first_ts": 1770907792.7486627}, "-1001330784088:7232277127": {"count": 3, "first_ts": 1770907862.9622169}, "-1001330784088:8577376933": {"count": 4, "first_ts": 1770908069.9590418}, "-1001330784088:7983268712": {"count": 1, "first_ts": 1770908202.3772163}, "-1001330784088:8147043496": {"count": 2, "first_ts": 1770908661.1115563}, "-1001330784088:6340578201": {"count": 1, "first_ts": 1770908729.8412943}, "-1001330784088:7385558389": {"count": 1, "first_ts": 1770908770.3628063}, "-1001330784088:6542533869": {"count": 2, "first_ts": 1770909033.9047232}, "-1001330784088:7393857179": {"count": 1, "first_ts": 1770909169.061748}, "-1001330784088:7292500883": {"count": 2, "first_ts": 1770909391.0286133}, "-1001330784088:6693206273": {"count": 2, "first_ts": 1770909521.7416818}, "-1001330784088:7398117080": {"count": 1, "first_ts": 1770909521.7426214}, "-1001330784088:7422625885": {"count": 3, "first_ts": 1770909847.5299819}, "-1001330784088:7529951252": {"count": 2, "first_ts": 1770909942.1006482}, "-1001330784088:8039745648": {"count": 4, "first_ts": 1770911855.495353}, "-1001330784088:8051323602": {"count": 1, "first_ts": 1770912182.196594}, "-1001330784088:8209567630": {"count": 3, "first_ts": 1770912182.1977496}, "-1001330784088:7728125318": {"count": 1, "first_ts": 1770912552.3618548}, "-1001330784088:7467087993": {"count": 2, "first_ts": 1770913005.00407}, "-1001330784088:8523106401": {"count": 1, "first_ts": 1770913056.42421}, "-1001330784088:7261878236": {"count": 4, "first_ts": 1770913056.4254596}, "-1001330784088:8185866961": {"count": 3, "first_ts": 1770913293.0728767}, "-1001330784088:6297960707": {"count": 1, "first_ts": 1770913431.3394513}, "-1001330784088:7893320626": {"count": 1, "first_ts": 1770913797.8953292}, "-1001330784088:7646264437": {"count": 2, "first_ts": 1770914392.3223917}, "-1001330784088:663045901": {"count": 2, "first_ts": 1770914539.0576015}, "-1001330784088:8336682486": {"count": 1, "first_ts": 1770915228.0792255}, "-1001330784088:6969319044": {"count": 1, "first_ts": 1770915262.2860575}, "-1001330784088:7912587238": {"count": 1, "first_ts": 1770915450.5380032}, "-1001330784088:8140205482": {"count": 3, "first_ts": 1770915757.0299807}, "-1001330784088:6516728758": {"count": 2, "first_ts": 1770916236.4139626}, "-1001330784088:8007927188": {"count": 1, "first_ts": 1770916473.417751}, "-1001330784088:8035556387": {"count": 1, "first_ts": 1770916771.7706838}, "-1001330784088:7823557899": {"count": 3, "first_ts": 1770916771.7729313}, "-1001330784088:7396079557": {"count": 1, "first_ts": 1770917031.0227442}, "-1001330784088:6849369989": {"count": 2, "first_ts": 1770917513.7686226}, "-1001330784088:7770285894": {"count": 3, "first_ts": 1770917860.0819497}, "-1001330784088:776732961": {"count": 4, "first_ts": 1770917916.2259576}, "-1001330784088:7671027441": {"count": 1, "first_ts": 1770918066.8797991}, "-1001330784088:8312290449": {"count": 2, "first_ts": 1770918167.8141847}, "-1001330784088:8341168379": {"count": 1, "first_ts": 1770918246.7024677}, "-1001330784088:8363136743": {"count": 1, "first_ts": 1770918764.93988}, "-1001330784088:7515421543": {"count": 2, "first_ts": 1770919106.4970922}, "-1001330784088:1656776171": {"count": 1,